{
  "10": [
    [
      1.8128677606582642,
      -0.0,
      -0.8446958661079407,
      -0.0
    ],
    [
      0.7389166355133057,
      0.9690676927566528,
      1.5858466625213623,
      0.0
    ],
    [
      -0.40928372740745544,
      1.7495448589324951,
      -0.8783957362174988,
      0.0
    ],
    [
      34.279998779296875,
      0.8235585689544678,
      -52.464237213134766,
      1.0
    ]
  ],
  "11": [
    [
      0.31317201256752014,
      -0.0,
      -1.9753286838531494,
      -0.0
    ],
    [
      1.804634690284729,
      0.8132864236831665,
      0.28610989451408386,
      0.0
    ],
    [
      -0.8032539486885071,
      1.827174186706543,
      -0.12734927237033844,
      0.0
    ],
    [
      -42.42137145996094,
      -0.20110350847244263,
      98.25299835205078,
      1.0
    ]
  ],
  "4": [
    [
      3.0,
      0.0,
      0.0,
      0.0
    ],
    [
      0.0,
      3.0,
      0.0,
      0.0
    ],
    [
      0.0,
      0.0,
      3.0,
      0.0
    ],
    [
      92.75326538085938,
      5.574222564697266,
      -32.20461654663086,
      1.0
    ]
  ],
  "1": [
    [
      3.0,
      0.0,
      0.0,
      0.0
    ],
    [
      0.0,
      3.0,
      0.0,
      0.0
    ],
    [
      0.0,
      0.0,
      3.0,
      0.0
    ],
    [
      84.53346252441406,
      5.569693565368652,
      -52.26969528198242,
      1.0
    ]
  ],
  "28": [
    [
      -0.48447275161743164,
      0.0,
      1.9404346942901611,
      0.0
    ],
    [
      1.6805897951126099,
      0.9997786283493042,
      0.41959667205810547,
      0.0
    ],
    [
      -0.9700025320053101,
      1.7321786880493164,
      -0.24218274652957916,
      0.0
    ],
    [
      6.130000114440918,
      0.8668591380119324,
      142.59368896484375,
      1.0
    ]
  ],
  "25": [
    [
      0.31317219138145447,
      0.0,
      -1.9753286838531494,
      0.0
    ],
    [
      -1.804634690284729,
      0.8132864236831665,
      -0.2861100435256958,
      0.0
    ],
    [
      0.8032539486885071,
      1.827174186706543,
      0.12734933197498322,
      0.0
    ],
    [
      -46.07917785644531,
      -0.17137175798416138,
      82.53378295898438,
      1.0
    ]
  ],
  "3": [
    [
      3.939260721206665,
      0.0,
      -0.6944248676300049,
      0.0
    ],
    [
      0.0,
      4.0,
      0.0,
      0.0
    ],
    [
      0.6944248676300049,
      0.0,
      3.939260721206665,
      0.0
    ],
    [
      84.53180694580078,
      8.68588638305664,
      -52.277305603027344,
      1.0
    ]
  ],
  "9": [
    [
      1.696241021156311,
      -0.0,
      -1.0596072673797607,
      -0.0
    ],
    [
      0.9356371164321899,
      0.938732385635376,
      1.4977869987487793,
      0.0
    ],
    [
      -0.4973438084125519,
      1.766007423400879,
      -0.7961581349372864,
      0.0
    ],
    [
      72.41000366210938,
      0.8616635799407959,
      -74.5451431274414,
      1.0
    ]
  ],
  "5": [
    [
      3.939260721206665,
      0.0,
      -0.6944248676300049,
      0.0
    ],
    [
      0.0,
      4.0,
      0.0,
      0.0
    ],
    [
      0.6944248676300049,
      0.0,
      3.939260721206665,
      0.0
    ],
    [
      92.75575256347656,
      8.68588638305664,
      -32.19954299926758,
      1.0
    ]
  ],
  "26": [
    [
      -0.6180594563484192,
      0.0,
      0.32853344082832336,
      0.0
    ],
    [
      0.3272893726825714,
      0.060856204479932785,
      0.6157189607620239,
      0.0
    ],
    [
      -0.02040417119860649,
      0.49810662865638733,
      -0.03838571533560753,
      0.0
    ],
    [
      114.7699966430664,
      0.009999999776482582,
      -53.29621124267578,
      1.0
    ]
  ],
  "8": [
    [
      1.7232930660247803,
      0.0,
      -1.0150178670883179,
      0.0
    ],
    [
      -0.8879095911979675,
      0.9690676927566528,
      -1.5074892044067383,
      0.0
    ],
    [
      0.49181050062179565,
      1.7495448589324951,
      0.8349937796592712,
      0.0
    ],
    [
      47.779998779296875,
      0.8518598079681396,
      -71.98371887207031,
      1.0
    ]
  ],
  "27": [
    [
      -0.6237585544586182,
      -0.0,
      0.31757980585098267,
      -0.0
    ],
    [
      -0.316377192735672,
      0.060856204479932785,
      -0.621396541595459,
      0.0
    ],
    [
      0.01972387544810772,
      0.49810662865638733,
      0.03873967006802559,
      0.0
    ],
    [
      114.54000091552734,
      0.009999999776482582,
      -53.843849182128906,
      1.0
    ]
  ]
}