{
  "2": [
    [
      1.5,
      0.0,
      0.0,
      0.0
    ],
    [
      0.0,
      1.099853515625,
      0.0,
      0.0
    ],
    [
      0.0,
      0.0,
      1.2998046875,
      0.0
    ],
    [
      99.07305908203125,
      0.976124107837677,
      38.35561752319336,
      1.0
    ]
  ],
  "43": [
    [
      1.0,
      0.0,
      0.0,
      0.0
    ],
    [
      0.0,
      1.0,
      0.0,
      0.0
    ],
    [
      0.0,
      0.0,
      1.0,
      0.0
    ],
    [
      -82.5199966430664,
      -4.549072265625,
      125.9096450805664,
      1.0
    ]
  ],
  "4": [
    [
      0.38841384649276733,
      0.0,
      -1.4488391876220703,
      0.0
    ],
    [
      0.0,
      1.5,
      0.0,
      0.0
    ],
    [
      1.4488391876220703,
      0.0,
      0.38841384649276733,
      0.0
    ],
    [
      99.07142639160156,
      2.135974884033203,
      38.35561752319336,
      1.0
    ]
  ],
  "5": [
    [
      0.38841384649276733,
      0.0,
      -1.4488391876220703,
      0.0
    ],
    [
      0.0,
      1.5,
      0.0,
      0.0
    ],
    [
      1.4488391876220703,
      0.0,
      0.38841384649276733,
      0.0
    ],
    [
      99.12043762207031,
      2.135974884033203,
      45.267757415771484,
      1.0
    ]
  ],
  "3": [
    [
      1.5,
      0.0,
      0.0,
      0.0
    ],
    [
      0.0,
      1.099853515625,
      0.0,
      0.0
    ],
    [
      0.0,
      0.0,
      1.2998046875,
      0.0
    ],
    [
      99.11820220947266,
      0.9655923247337341,
      45.26592254638672,
      1.0
    ]
  ],
  "38": [
    [
      1.0,
      0.0,
      0.0,
      0.0
    ],
    [
      0.0,
      1.0,
      0.0,
      0.0
    ],
    [
      0.0,
      0.0,
      1.0,
      0.0
    ],
    [
      -66.41000366210938,
      -4.549072265625,
      126.58341979980469,
      1.0
    ]
  ]
}