{
  "68": [
    [
      -1.4999998807907104,
      0.0,
      -0.000575292098801583,
      0.0
    ],
    [
      0.0,
      1.5,
      0.0,
      0.0
    ],
    [
      0.000575292098801583,
      0.0,
      -1.4999998807907104,
      0.0
    ],
    [
      -7.546350955963135,
      2.0116071701049805,
      16.012365341186523,
      1.0
    ]
  ],
  "18": [
    [
      0.199951171875,
      0.0,
      0.0,
      0.0
    ],
    [
      0.0,
      1.099853515625,
      0.0,
      0.0
    ],
    [
      0.0,
      0.0,
      0.199951171875,
      0.0
    ],
    [
      -7.51234245300293,
      1.7613401412963867,
      16.01128387451172,
      1.0
    ]
  ]
}