{
  "97": [
    [
      -0.9999999403953552,
      0.0,
      -0.00038352806586772203,
      0.0
    ],
    [
      0.0,
      1.0,
      0.0,
      0.0
    ],
    [
      0.00038352806586772203,
      0.0,
      -0.9999999403953552,
      0.0
    ],
    [
      65.01918029785156,
      -1.9989013671875,
      -46.43215560913086,
      1.0
    ]
  ],
  "33": [
    [
      1.5,
      0.0,
      0.0,
      0.0
    ],
    [
      0.0,
      1.099853515625,
      0.0,
      0.0
    ],
    [
      0.0,
      0.0,
      1.2998046875,
      0.0
    ],
    [
      -45.0598258972168,
      0.08321762084960938,
      -36.050540924072266,
      1.0
    ]
  ],
  "98": [
    [
      -0.00038367905654013157,
      0.0,
      0.9999999403953552,
      0.0
    ],
    [
      0.0,
      1.0,
      0.0,
      0.0
    ],
    [
      -0.9999999403953552,
      0.0,
      -0.00038367905654013157,
      0.0
    ],
    [
      65.4790267944336,
      -1.9989013671875,
      -30.298200607299805,
      1.0
    ]
  ],
  "21": [
    [
      -0.5732970833778381,
      0.0,
      -0.8193475604057312,
      0.0
    ],
    [
      0.0,
      1.0,
      0.0,
      0.0
    ],
    [
      0.8193475604057312,
      0.0,
      -0.5732970833778381,
      0.0
    ],
    [
      48.858856201171875,
      -1.7145678997039795,
      -40.732582092285156,
      1.0
    ]
  ],
  "93": [
    [
      1.0,
      0.0,
      0.0,
      0.0
    ],
    [
      0.0,
      1.0,
      0.0,
      0.0
    ],
    [
      0.0,
      0.0,
      1.0,
      0.0
    ],
    [
      61.492881774902344,
      -1.9989013671875,
      -40.8593635559082,
      1.0
    ]
  ],
  "25": [
    [
      1.5,
      0.0,
      0.0,
      0.0
    ],
    [
      0.0,
      1.099853515625,
      0.0,
      0.0
    ],
    [
      0.0,
      0.0,
      1.2998046875,
      0.0
    ],
    [
      -48.77690505981445,
      0.08321762084960938,
      -36.050540924072266,
      1.0
    ]
  ],
  "95": [
    [
      -0.00038367905654013157,
      0.0,
      0.9999999403953552,
      0.0
    ],
    [
      0.0,
      1.0,
      0.0,
      0.0
    ],
    [
      -0.9999999403953552,
      0.0,
      -0.00038367905654013157,
      0.0
    ],
    [
      65.20587158203125,
      -1.9989013671875,
      -40.48277282714844,
      1.0
    ]
  ],
  "26": [
    [
      -0.00038367905654013157,
      0.0,
      0.9999999403953552,
      0.0
    ],
    [
      0.0,
      1.0,
      0.0,
      0.0
    ],
    [
      -0.9999999403953552,
      0.0,
      -0.00038367905654013157,
      0.0
    ],
    [
      60.619998931884766,
      -1.9976806640625,
      -38.48219680786133,
      1.0
    ]
  ],
  "77": [
    [
      0.6846007704734802,
      -0.0,
      -1.8791810274124146,
      -0.0
    ],
    [
      0.0,
      2.0,
      0.0,
      0.0
    ],
    [
      -1.8791810274124146,
      0.0,
      -0.6846007704734802,
      0.0
    ],
    [
      111.24114227294922,
      0.5514793395996094,
      21.25992774963379,
      1.0
    ]
  ],
  "35": [
    [
      1.0,
      0.0,
      0.0,
      0.0
    ],
    [
      0.0,
      1.0,
      0.0,
      0.0
    ],
    [
      0.0,
      0.0,
      1.0,
      0.0
    ],
    [
      18.527751922607422,
      0.749972403049469,
      64.9130859375,
      1.0
    ]
  ],
  "89": [
    [
      1.0,
      0.0,
      0.0,
      0.0
    ],
    [
      0.0,
      1.0,
      0.0,
      0.0
    ],
    [
      0.0,
      0.0,
      1.0,
      0.0
    ],
    [
      89.83159637451172,
      -1.9989013671875,
      -51.0128059387207,
      1.0
    ]
  ],
  "91": [
    [
      1.0,
      0.0,
      0.0,
      0.0
    ],
    [
      0.0,
      1.0,
      0.0,
      0.0
    ],
    [
      0.0,
      0.0,
      1.0,
      0.0
    ],
    [
      75.66223907470703,
      -1.9989013671875,
      -40.93513488769531,
      1.0
    ]
  ],
  "86": [
    [
      -0.9999999403953552,
      0.0,
      -0.00038352806586772203,
      0.0
    ],
    [
      0.0,
      1.0,
      0.0,
      0.0
    ],
    [
      0.00038352806586772203,
      0.0,
      -0.9999999403953552,
      0.0
    ],
    [
      -45.22999954223633,
      -0.0496826171875,
      -77.15412902832031,
      1.0
    ]
  ],
  "3": [
    [
      0.38841384649276733,
      0.0,
      -1.4488391876220703,
      0.0
    ],
    [
      0.0,
      1.5,
      0.0,
      0.0
    ],
    [
      1.4488391876220703,
      0.0,
      0.38841384649276733,
      0.0
    ],
    [
      -45.04903793334961,
      1.2370109558105469,
      -36.05587387084961,
      1.0
    ]
  ],
  "29": [
    [
      1.0,
      0.0,
      0.0,
      0.0
    ],
    [
      0.0,
      1.0,
      0.0,
      0.0
    ],
    [
      0.0,
      0.0,
      1.0,
      0.0
    ],
    [
      60.648170471191406,
      -2.017697811126709,
      -37.44673156738281,
      1.0
    ]
  ],
  "92": [
    [
      -0.9999999403953552,
      0.0,
      -0.00038352806586772203,
      0.0
    ],
    [
      0.0,
      1.0,
      0.0,
      0.0
    ],
    [
      0.00038352806586772203,
      0.0,
      -0.9999999403953552,
      0.0
    ],
    [
      65.01918029785156,
      -1.9989013671875,
      -36.4645881652832,
      1.0
    ]
  ],
  "138": [
    [
      0.7202687859535217,
      0.0,
      -0.6936952471733093,
      0.0
    ],
    [
      0.0,
      1.0,
      0.0,
      0.0
    ],
    [
      0.6936952471733093,
      0.0,
      0.7202687859535217,
      0.0
    ],
    [
      -117.39820098876953,
      4.632576942443848,
      22.990428924560547,
      1.0
    ]
  ],
  "85": [
    [
      -0.00038367905654013157,
      0.0,
      0.9999999403953552,
      0.0
    ],
    [
      0.0,
      1.0,
      0.0,
      0.0
    ],
    [
      -0.9999999403953552,
      0.0,
      -0.00038367905654013157,
      0.0
    ],
    [
      -41.779998779296875,
      -0.0496826171875,
      -84.1251449584961,
      1.0
    ]
  ],
  "37": [
    [
      1.0,
      0.0,
      0.0,
      0.0
    ],
    [
      0.0,
      1.0,
      0.0,
      0.0
    ],
    [
      0.0,
      0.0,
      1.0,
      0.0
    ],
    [
      15.220244407653809,
      0.46105533838272095,
      65.48030853271484,
      1.0
    ]
  ],
  "96": [
    [
      1.0,
      0.0,
      0.0,
      0.0
    ],
    [
      0.0,
      1.0,
      0.0,
      0.0
    ],
    [
      0.0,
      0.0,
      1.0,
      0.0
    ],
    [
      75.58646392822266,
      -1.9989013671875,
      -30.66803550720215,
      1.0
    ]
  ],
  "137": [
    [
      1.0,
      0.0,
      0.0,
      0.0
    ],
    [
      0.0,
      1.0,
      0.0,
      0.0
    ],
    [
      0.0,
      0.0,
      1.0,
      0.0
    ],
    [
      -48.93821334838867,
      -0.04821666330099106,
      -42.41594314575195,
      1.0
    ]
  ],
  "99": [
    [
      0.00038352806586772203,
      0.0,
      -0.9999999403953552,
      0.0
    ],
    [
      0.0,
      1.0,
      0.0,
      0.0
    ],
    [
      0.9999999403953552,
      0.0,
      0.00038352806586772203,
      0.0
    ],
    [
      61.310001373291016,
      -1.9989013671875,
      -46.92112350463867,
      1.0
    ]
  ],
  "28": [
    [
      1.0,
      0.0,
      0.0,
      0.0
    ],
    [
      0.0,
      1.0,
      0.0,
      0.0
    ],
    [
      0.0,
      0.0,
      1.0,
      0.0
    ],
    [
      60.64234924316406,
      -2.007554531097412,
      -39.609703063964844,
      1.0
    ]
  ],
  "23": [
    [
      1.0,
      0.0,
      0.0,
      0.0
    ],
    [
      0.0,
      1.0,
      0.0,
      0.0
    ],
    [
      0.0,
      0.0,
      1.0,
      0.0
    ],
    [
      -122.72000122070312,
      -11.045166015625,
      -16.37018394470215,
      1.0
    ]
  ],
  "88": [
    [
      -0.9999999403953552,
      0.0,
      -0.00038352806586772203,
      0.0
    ],
    [
      0.0,
      1.0,
      0.0,
      0.0
    ],
    [
      0.00038352806586772203,
      0.0,
      -0.9999999403953552,
      0.0
    ],
    [
      93.35789489746094,
      -1.9989013671875,
      -46.6180305480957,
      1.0
    ]
  ],